Set ID,Set Name,Set Code,Series,Language,Release Date,Total Cards,Total Value (Estimated),Average Card Value
567,Destined Rivals,,Scarlet & Violet,ENGLISH,"Fri, 30 May 2025 00:00:00 GMT",244,4599.354281746029,18.849812630106676
566,Glory of Team Rocket,sv10,Scarlet & Violet,JAPANESE,"Fri, 18 Apr 2025 00:00:00 GMT",132,1006.2168968253968,7.622855278980279
562,Journey Together,JTG,Scarlet & Violet,ENGLISH,"Fri, 28 Mar 2025 00:00:00 GMT",333,781.5199999999996,2.3469069069069057
560,Hot Air Arena,sv9a,Scarlet & Violet,JAPANESE,"Fri, 14 Mar 2025 00:00:00 GMT",92,807.3965850246976,8.776049837224974
558,Battle Partners,sv9,Scarlet & Violet,JAPANESE,"Fri, 24 Jan 2025 00:00:00 GMT",132,706.0949392587573,5.349204085293616
559,Mcdonald's Dragon Discovery,M24,Scarlet & Violet,ENGLISH,"Tue, 21 Jan 2025 00:00:00 GMT",15,10.320000000000002,0.6880000000000002
557,Prismatic Evolutions,PRE,Scarlet & Violet,ENGLISH,"Fri, 17 Jan 2025 00:00:00 GMT",447,6548.1,14.648993288590605
556,Terastal Festival ex,sv8a,Scarlet & Violet,JAPANESE,"Fri, 06 Dec 2024 00:00:00 GMT",525,2651.9563657314916,5.051345458536175
555,Surging Sparks,SSP,Scarlet & Violet,ENGLISH,"Fri, 08 Nov 2024 00:00:00 GMT",417,1250.489999999997,2.998776978417259
552,Super Electric Breaker,sv8,Scarlet & Violet,JAPANESE,"Fri, 18 Oct 2024 00:00:00 GMT",138,666.759991752692,4.831594143135449
550,Paradise Dragona,sv7a,Scarlet & Violet,JAPANESE,"Fri, 13 Sep 2024 00:00:00 GMT",94,413.1446695360194,4.395156058893823
549,Stellar Crown,,Scarlet & Violet,ENGLISH,"Fri, 13 Sep 2024 00:00:00 GMT",300,455.0900000000002,1.5169666666666672
554,Trick or Trade 2024,,Scarlet & Violet,ENGLISH,"Fri, 30 Aug 2024 00:00:00 GMT",30,5.519999999999998,0.1839999999999999
548,Shrouded Fable,,Scarlet & Violet,ENGLISH,"Fri, 02 Aug 2024 00:00:00 GMT",154,663.5500000000001,4.308766233766234
547,Stellar Miracle,sv7,Scarlet & Violet,JAPANESE,"Fri, 19 Jul 2024 00:00:00 GMT",135,300.1352811864064,2.223224305084492
546,Night Wanderer,sv6a,Scarlet & Violet,JAPANESE,"Fri, 07 Jun 2024 00:00:00 GMT",94,283.91159011266507,3.020336065028352
545,Twilight Masquerade,TWM,Scarlet & Violet,ENGLISH,"Sat, 25 May 2024 00:00:00 GMT",373,1060.159999999999,2.8422520107238576
544,Mask of Change,sv6,Scarlet & Violet,JAPANESE,"Fri, 26 Apr 2024 00:00:00 GMT",133,402.37179074074095,3.025351810080759
543,Crimson Haze,sv5a,Scarlet & Violet,JAPANESE,"Fri, 22 Mar 2024 00:00:00 GMT",96,505.92555238095247,5.2700578373015885
542,Temporal Forces,,Scarlet & Violet,ENGLISH,"Fri, 22 Mar 2024 00:00:00 GMT",358,814.4300000000001,2.2749441340782126
539,Paldean Fates,,Scarlet & Violet,ENGLISH,"Fri, 26 Jan 2024 00:00:00 GMT",326,1357.7099999999987,4.164754601226989
541,Cyber Judge,sv5M,Scarlet & Violet,JAPANESE,"Fri, 26 Jan 2024 00:00:00 GMT",100,255.66282473544987,2.5566282473544986
540,Wild Force,sv5K,Scarlet & Violet,JAPANESE,"Fri, 26 Jan 2024 00:00:00 GMT",100,306.62560476190475,3.0662560476190475
538,Shiny Treasure ex,sv4a,Scarlet & Violet,JAPANESE,"Fri, 01 Dec 2023 00:00:00 GMT",463,1328.1541759768002,2.868583533427214
561,Trading Card Game Classic,,Sword & Shield,ENGLISH,"Fri, 17 Nov 2023 00:00:00 GMT",102,257.36999999999995,2.5232352941176464
536,Paradox Rift,,Scarlet & Violet,ENGLISH,"Fri, 03 Nov 2023 00:00:00 GMT",428,912.7799999999994,2.1326635514018677
563,Trading Card Game Classic Japanese Charizard,,Sword & Shield,JAPANESE,"Tue, 31 Oct 2023 00:00:00 GMT",34,202.29350000000002,5.949808823529413
565,Trading Card Game Classic Japanese Venusaur,,Sword & Shield,JAPANESE,"Tue, 31 Oct 2023 00:00:00 GMT",34,141.7177857142857,4.168170168067227
564,Trading Card Game Classic Japanese Blastoise,,Sword & Shield,JAPANESE,"Tue, 31 Oct 2023 00:00:00 GMT",34,79.12499999999999,2.3272058823529407
534,Ancient Roar,sv4K,Scarlet & Violet,JAPANESE,"Fri, 27 Oct 2023 00:00:00 GMT",95,227.20148412698416,2.391594569757728
535,Future Flash,sv4M,Scarlet & Violet,JAPANESE,"Fri, 27 Oct 2023 00:00:00 GMT",95,280.809015873016,2.955884377610695
532,Pokemon Card 151,,Scarlet & Violet,ENGLISH,"Fri, 22 Sep 2023 00:00:00 GMT",360,1142.55,3.17375
533,Raging Surf,sv3a,Scarlet & Violet,JAPANESE,"Fri, 22 Sep 2023 00:00:00 GMT",92,321.569552579365,3.49532122368875
531,Trick or Trade 2023,,Scarlet & Violet,ENGLISH,"Fri, 01 Sep 2023 00:00:00 GMT",30,3.5500000000000003,0.11833333333333335
517,Obsidian Flames,,Scarlet & Violet,ENGLISH,"Fri, 11 Aug 2023 00:00:00 GMT",406,294.37000000000035,0.7250492610837447
516,Ruler of the Black Flame,sv3,Scarlet & Violet,JAPANESE,"Fri, 28 Jul 2023 00:00:00 GMT",141,402.74823999611505,2.8563704964263477
530,McDonald's Promos 2023,,Scarlet & Violet,ENGLISH,"Thu, 27 Jul 2023 00:00:00 GMT",15,10.02,0.6679999999999999
514,Pokemon Card 151 Japanese,sv2a,Scarlet & Violet,JAPANESE,"Fri, 16 Jun 2023 00:00:00 GMT",516,3799.637596444156,7.363638752798751
513,Paldea Evolved,,Scarlet & Violet,ENGLISH,"Fri, 09 Jun 2023 00:00:00 GMT",455,1133.189999999999,2.49052747252747
511,Snow Hazard,sv2P,Scarlet & Violet,JAPANESE,"Fri, 14 Apr 2023 00:00:00 GMT",99,275.87223442760944,2.7865882265415096
512,Clay Burst,sv2D,Scarlet & Violet,JAPANESE,"Fri, 14 Apr 2023 00:00:00 GMT",99,653.2698727152475,6.598685582982299
510,Scarlet & Violet Base,,Scarlet & Violet,ENGLISH,"Fri, 31 Mar 2023 00:00:00 GMT",0,0.0,0.0
509,Triplet Beat,sv1a,Scarlet & Violet,JAPANESE,"Fri, 10 Mar 2023 00:00:00 GMT",103,434.5946172438673,4.2193652159598765
508,Violet ex,sv1V,Scarlet & Violet,JAPANESE,"Fri, 20 Jan 2023 00:00:00 GMT",108,367.5439485014986,3.4031847083472093
507,Scarlet ex,sv1S,Scarlet & Violet,JAPANESE,"Fri, 20 Jan 2023 00:00:00 GMT",108,389.15912163299674,3.6033252003055254
506,Crown Zenith,,Sword & Shield,ENGLISH,"Fri, 20 Jan 2023 00:00:00 GMT",342,1244.5899999999983,3.6391520467836207
515,Scarlet & Violet Promos,,Scarlet & Violet,ENGLISH,"Sun, 01 Jan 2023 00:00:00 GMT",0,0.0,0.0
505,VSTAR Universe,s12a,Sword & Shield,JAPANESE,"Fri, 02 Dec 2022 00:00:00 GMT",262,1327.3778817760938,5.066327793038526
537,SV-P Promos,PROMO,Scarlet & Violet,JAPANESE,"Fri, 18 Nov 2022 00:00:00 GMT",149,1564.726686447811,10.50152138555578
503,Silver Tempest,,Sword & Shield,ENGLISH,"Fri, 11 Nov 2022 00:00:00 GMT",387,844.1399999999995,2.181240310077518
502,Paradigm Trigger,s12,Sword & Shield,JAPANESE,"Fri, 21 Oct 2022 00:00:00 GMT",125,673.2390059523809,5.385912047619048
400,Lost Origin,,Sword & Shield,ENGLISH,"Fri, 09 Sep 2022 00:00:00 GMT",396,1212.2100000000005,3.061136363636365
401,Incandescent Arcana,s11a,Sword & Shield,JAPANESE,"Fri, 02 Sep 2022 00:00:00 GMT",94,354.4966547619049,3.7712410081053713
504,Trick or Trade 2022,,Sword & Shield,ENGLISH,"Thu, 01 Sep 2022 00:00:00 GMT",30,3.8100000000000005,0.12700000000000003
399,Mcdonald's Promos 2022,,Sword & Shield,ENGLISH,"Tue, 16 Aug 2022 00:00:00 GMT",15,6.080000000000001,0.4053333333333334
489,VSTAR Special Set,sp6,Sword & Shield,JAPANESE,"Fri, 05 Aug 2022 00:00:00 GMT",6,15.060000000000002,2.5100000000000002
417,Deoxys VSTAR & VMAX High-Class Deck,sPD,Sword & Shield,JAPANESE,"Fri, 15 Jul 2022 00:00:00 GMT",0,0.0,0.0
388,Lost Abyss,s11,Sword & Shield,JAPANESE,"Fri, 15 Jul 2022 00:00:00 GMT",127,880.7891666666662,6.935347769028868
492,Zeraora VSTAR & VMAX High-Class Deck,sPZ,Sword & Shield,JAPANESE,"Fri, 15 Jul 2022 00:00:00 GMT",0,0.0,0.0
387,Pokemon GO,,Sword & Shield,ENGLISH,"Fri, 01 Jul 2022 00:00:00 GMT",148,286.5199999999998,1.9359459459459447
366,Pokemon GO Japanese,s10B,Sword & Shield,JAPANESE,"Fri, 17 Jun 2022 00:00:00 GMT",93,240.97199978354976,2.5910967718661264
182,Astral Radiance,,Sword & Shield,ENGLISH,"Fri, 27 May 2022 00:00:00 GMT",374,975.8400000000003,2.6091978609625675
184,Dark Phantasma,s10A,Sword & Shield,JAPANESE,"Fri, 13 May 2022 00:00:00 GMT",99,246.58458928571437,2.490753427128428
180,Time Gazer,s10D,Sword & Shield,JAPANESE,"Sat, 09 Apr 2022 00:00:00 GMT",88,345.9757962962964,3.931543139730641
181,Space Juggler,s10P,Sword & Shield,JAPANESE,"Sat, 09 Apr 2022 00:00:00 GMT",88,283.44979629629637,3.2210204124579134
416,Darkrai VSTAR Starter Set,sLD,Sword & Shield,JAPANESE,"Fri, 25 Feb 2022 00:00:00 GMT",20,24.331666666666663,1.2165833333333331
179,Battle Region,s9A,Sword & Shield,JAPANESE,"Fri, 25 Feb 2022 00:00:00 GMT",93,349.13385714285727,3.7541274961597555
178,Brilliant Stars,,Sword & Shield,ENGLISH,"Fri, 25 Feb 2022 00:00:00 GMT",340,982.5699999999993,2.88991176470588
432,Lucario VSTAR Starter Set,sLL,Sword & Shield,JAPANESE,"Fri, 25 Feb 2022 00:00:00 GMT",21,158.49833333333333,7.547539682539683
454,Start Deck 100 CoroCoro Comic Version,sN,Sword & Shield,JAPANESE,"Sat, 15 Jan 2022 00:00:00 GMT",25,292.88000000000005,11.715200000000003
177,Star Birth,s9,Sword & Shield,JAPANESE,"Fri, 14 Jan 2022 00:00:00 GMT",127,547.7247222222225,4.312793088363956
488,VSTAR Premium Trainer Box,sK,Sword & Shield,JAPANESE,"Fri, 14 Jan 2022 00:00:00 GMT",30,197.21175925925925,6.573725308641975
453,Start Deck 100,sI,Sword & Shield,JAPANESE,"Fri, 17 Dec 2021 00:00:00 GMT",430,1908.0450000000003,4.437313953488373
173,VMAX Climax,s8B,Sword & Shield,JAPANESE,"Fri, 03 Dec 2021 00:00:00 GMT",285,1291.2221805555557,4.530604142300196
490,Zacian & Zamazenta vs Eternatus Special Deck Set,sJ,Sword & Shield,JAPANESE,"Fri, 05 Nov 2021 00:00:00 GMT",0,0.0,0.0
172,Fusion Strike,,Sword & Shield,ENGLISH,"Sun, 31 Oct 2021 00:00:00 GMT",501,1480.27,2.954630738522954
117,25th Anniversary Collection,s8A,Sword & Shield,JAPANESE,"Fri, 22 Oct 2021 00:00:00 GMT",47,261.51166666666666,5.564078014184397
402,25th Anniversary Golden Box,s8a-G,Sword & Shield,JAPANESE,"Fri, 22 Oct 2021 00:00:00 GMT",16,258.0116666666667,16.12572916666667
446,Promo Card Pack 25th Anniversary Edition,s8a-P,Sword & Shield,JAPANESE,"Fri, 22 Oct 2021 00:00:00 GMT",25,802.2322081529583,32.08928832611833
112,Celebrations,,Sword & Shield,ENGLISH,"Fri, 08 Oct 2021 00:00:00 GMT",25,49.34999999999999,1.9739999999999995
111,Celebrations: Classic Collection,,Sword & Shield,ENGLISH,"Thu, 07 Oct 2021 00:00:00 GMT",25,275.7,11.027999999999999
118,Fusion Arts,s8,Sword & Shield,JAPANESE,"Fri, 24 Sep 2021 00:00:00 GMT",129,654.8336666666664,5.076229974160205
108,Evolving Skies,,Sword & Shield,ENGLISH,"Fri, 27 Aug 2021 00:00:00 GMT",369,5447.740000000002,14.763523035230357
477,V-UNION Special Card Sets,sp5,Sword & Shield,JAPANESE,"Fri, 20 Aug 2021 00:00:00 GMT",13,99.73799999999996,7.672153846153843
119,Blue Sky Stream,s7R,Sword & Shield,JAPANESE,"Fri, 09 Jul 2021 00:00:00 GMT",90,2056.823333333333,22.853592592592587
458,Sword & Shield Family Pokémon Card Game,sH,Sword & Shield,JAPANESE,"Fri, 09 Jul 2021 00:00:00 GMT",0,0.0,0.0
120,Towering Perfection,s7D,Sword & Shield,JAPANESE,"Fri, 09 Jul 2021 00:00:00 GMT",90,382.08333333333354,4.245370370370373
26,Chilling Reign,,Sword & Shield,ENGLISH,"Fri, 18 Jun 2021 00:00:00 GMT",370,1652.109999999998,4.465162162162157
420,Eevee Heroes VMAX Special Set,sp4,Sword & Shield,JAPANESE,"Tue, 15 Jun 2021 00:00:00 GMT",8,43.6225,5.4528125
425,Inteleon VMAX High-Class Deck,sGI,Sword & Shield,JAPANESE,"Fri, 28 May 2021 00:00:00 GMT",24,66.125,2.7552083333333335
423,Gengar VMAX High-Class Deck,sGG,Sword & Shield,JAPANESE,"Fri, 28 May 2021 00:00:00 GMT",21,616.6068240093241,29.362229714729718
115,Eevee Heroes,s6A,Sword & Shield,JAPANESE,"Fri, 28 May 2021 00:00:00 GMT",101,4664.611016053393,46.184267485677154
122,Silver Lance,s6H,Sword & Shield,JAPANESE,"Fri, 23 Apr 2021 00:00:00 GMT",95,461.4616666666668,4.857491228070177
121,Jet Black Spirit,s6K,Sword & Shield,JAPANESE,"Fri, 23 Apr 2021 00:00:00 GMT",95,624.1663333333337,6.570171929824565
449,Silver Lance & Jet-Black Spirit Jumbo Pack Set,sp3,Sword & Shield,JAPANESE,"Fri, 23 Apr 2021 00:00:00 GMT",0,0.0,0.0
116,Matchless Fighter,s5A,Sword & Shield,JAPANESE,"Fri, 19 Mar 2021 00:00:00 GMT",96,1016.214833333333,10.585571180555553
20,Battle Styles,,Sword & Shield,ENGLISH,"Fri, 19 Mar 2021 00:00:00 GMT",306,681.5900000000004,2.227418300653596
21,Shining Fates,,Sword & Shield,ENGLISH,"Fri, 19 Feb 2021 00:00:00 GMT",241,452.9599999999998,1.8795020746887958
171,Mcdonald's 25th Anniversary,,Sword & Shield,ENGLISH,"Tue, 09 Feb 2021 00:00:00 GMT",50,56.85,1.137
450,Single Strike & Rapid Strike Premium Trainer Boxes,sF,Sword & Shield,JAPANESE,"Fri, 22 Jan 2021 00:00:00 GMT",0,0.0,0.0
124,Single Strike Master,s5I,Sword & Shield,JAPANESE,"Fri, 22 Jan 2021 00:00:00 GMT",91,790.2800000000003,8.684395604395608
123,Rapid Strike Master,s5R,Sword & Shield,JAPANESE,"Fri, 22 Jan 2021 00:00:00 GMT",91,897.5966666666668,9.863699633699635
487,VMAX Starter Set 2 (Charizard),sC2,Sword & Shield,JAPANESE,"Fri, 04 Dec 2020 00:00:00 GMT",21,85.70333333333333,4.081111111111111
483,VMAX Starter Set (Blastoise),sEK,Sword & Shield,JAPANESE,"Fri, 04 Dec 2020 00:00:00 GMT",20,56.426,2.8213
486,VMAX Starter Set (Venusaur),sEF,Sword & Shield,JAPANESE,"Fri, 04 Dec 2020 00:00:00 GMT",21,68.0375,3.239880952380952
3,Vivid Voltage,,Sword & Shield,ENGLISH,"Fri, 13 Nov 2020 00:00:00 GMT",345,429.65999999999997,1.245391304347826
482,VMAX Special Set,sp2,Sword & Shield,JAPANESE,"Fri, 23 Oct 2020 00:00:00 GMT",8,22.24,2.78
114,Shiny Star V s4A,s4A,Sword & Shield,JAPANESE,"Tue, 20 Oct 2020 00:00:00 GMT",330,911.5699464285726,2.7623331709956744
2,Champion's Path,,Sword & Shield,ENGLISH,"Fri, 25 Sep 2020 00:00:00 GMT",134,492.4299999999998,3.674850746268655
125,Astonishing Volt Tackle,s4,Sword & Shield,JAPANESE,"Fri, 18 Sep 2020 00:00:00 GMT",121,468.9125000000001,3.8753099173553727
4,Darkness Ablaze,,Sword & Shield,ENGLISH,"Fri, 14 Aug 2020 00:00:00 GMT",356,236.27999999999994,0.6637078651685392
126,Legendary Heartbeat,s3A,Sword & Shield,JAPANESE,"Fri, 10 Jul 2020 00:00:00 GMT",94,378.3510000000001,4.025010638297873
471,V Starter Decks,sD,Sword & Shield,JAPANESE,"Fri, 10 Jul 2020 00:00:00 GMT",127,843.0716944444443,6.638359798775152
127,Infinity Zone,s3,Sword & Shield,JAPANESE,"Fri, 05 Jun 2020 00:00:00 GMT",119,267.3233333333334,2.246414565826331
5,Rebel Clash,,Sword & Shield,ENGLISH,"Fri, 01 May 2020 00:00:00 GMT",360,472.7199999999997,1.3131111111111102
128,Explosive Walker,s2A,Sword & Shield,JAPANESE,"Fri, 24 Apr 2020 00:00:00 GMT",86,234.42000000000013,2.7258139534883736
485,VMAX Starter Set (Grimmsnarl),sC,Sword & Shield,JAPANESE,"Fri, 27 Mar 2020 00:00:00 GMT",20,53.772499999999994,2.6886249999999996
484,VMAX Starter Set (Charizard),sC,Sword & Shield,JAPANESE,"Fri, 27 Mar 2020 00:00:00 GMT",21,184.4725,8.784404761904762
129,Rebellion Crash,s2,Sword & Shield,JAPANESE,"Fri, 06 Mar 2020 00:00:00 GMT",115,904.1325000000002,7.862021739130436
130,VMAX Rising,s1A,Sword & Shield,JAPANESE,"Fri, 07 Feb 2020 00:00:00 GMT",86,304.59000000000003,3.541744186046512
6,Sword & Shield,,Sword & Shield,ENGLISH,"Fri, 07 Feb 2020 00:00:00 GMT",0,0.0,0.0
491,Zacian Zamazenta Box,sp1,Sword & Shield,JAPANESE,"Fri, 27 Dec 2019 00:00:00 GMT",7,145.76000000000002,20.822857142857146
131,Shield,s1H,Sword & Shield,JAPANESE,"Fri, 06 Dec 2019 00:00:00 GMT",75,741.3825,9.885100000000001
459,Sword & Shield Premium Trainer Box,sB,Sword & Shield,JAPANESE,"Fri, 06 Dec 2019 00:00:00 GMT",0,0.0,0.0
132,Sword,s1W,Sword & Shield,JAPANESE,"Fri, 06 Dec 2019 00:00:00 GMT",75,234.33249999999998,3.124433333333333
474,V Starter Set (Grass),sA,Sword & Shield,JAPANESE,"Fri, 29 Nov 2019 00:00:00 GMT",23,97.35833333333333,4.232971014492754
472,V Starter Set (Fighting),sA,Sword & Shield,JAPANESE,"Fri, 29 Nov 2019 00:00:00 GMT",24,45.51,1.89625
476,V Starter Set (Water),sA,Sword & Shield,JAPANESE,"Fri, 29 Nov 2019 00:00:00 GMT",23,123.98833333333333,5.390797101449275
475,V Starter Set (Lightning),sA,Sword & Shield,JAPANESE,"Fri, 29 Nov 2019 00:00:00 GMT",24,44.42666666666666,1.851111111111111
473,V Starter Set (Fire),sA,Sword & Shield,JAPANESE,"Fri, 29 Nov 2019 00:00:00 GMT",23,100.81,4.38304347826087
460,S-P Promos,PROMO,Sword & Shield,JAPANESE,"Sun, 17 Nov 2019 00:00:00 GMT",285,17971.85521312141,63.05914109867161
7,Cosmic Eclipse,,Sun & Moon,ENGLISH,"Fri, 01 Nov 2019 00:00:00 GMT",464,4183.799999999996,9.016810344827578
521,McDonald's Promos 2019,,Sun & Moon,ENGLISH,"Tue, 15 Oct 2019 00:00:00 GMT",12,101.6,8.466666666666667
133,Tag Team GX All Stars,sm12A,Sun & Moon,JAPANESE,"Fri, 04 Oct 2019 00:00:00 GMT",226,3953.9133809690265,17.49519195119038
109,Sword & Shield Promo,,Sword & Shield,ENGLISH,"Tue, 01 Oct 2019 00:00:00 GMT",0,0.0,0.0
134,Alter Genesis,sm12,Sun & Moon,JAPANESE,"Fri, 06 Sep 2019 00:00:00 GMT",117,834.1268333333335,7.129289173789175
1,Hidden Fates,,Sun & Moon,ENGLISH,"Fri, 23 Aug 2019 00:00:00 GMT",218,2417.639999999999,11.090091743119261
135,Dream League,sm11B,Sun & Moon,JAPANESE,"Fri, 02 Aug 2019 00:00:00 GMT",75,1622.4405158730156,21.632540211640208
8,Unified Minds,,Sun & Moon,ENGLISH,"Fri, 02 Aug 2019 00:00:00 GMT",454,2749.3500000000004,6.055837004405287
136,Remix Bout,sm11A,Sun & Moon,JAPANESE,"Fri, 05 Jul 2019 00:00:00 GMT",80,617.6459583333334,7.720574479166667
464,Tag Team GX Starter Sets,smM,Sun & Moon,JAPANESE,"Fri, 31 May 2019 00:00:00 GMT",31,97.73392857142858,3.1527073732718898
137,Miracle Twin,sm11,Sun & Moon,JAPANESE,"Fri, 31 May 2019 00:00:00 GMT",115,1181.3448611111116,10.27256400966184
24,Unbroken Bonds,,Sun & Moon,ENGLISH,"Fri, 03 May 2019 00:00:00 GMT",410,2561.829999999998,6.248365853658532
139,Sky Legend,sm10B,Sun & Moon,JAPANESE,"Fri, 26 Apr 2019 00:00:00 GMT",69,585.4135000000002,8.484253623188408
138,Great Detective Pikachu,smP2,Sun & Moon,JAPANESE,"Fri, 26 Apr 2019 00:00:00 GMT",25,116.08749999999999,4.6434999999999995
140,GG End,sm10A,Sun & Moon,JAPANESE,"Fri, 05 Apr 2019 00:00:00 GMT",69,533.8281785714287,7.73664026915114
23,Detective Pikachu,,Sun & Moon,ENGLISH,"Fri, 29 Mar 2019 00:00:00 GMT",18,32.46,1.8033333333333335
455,Sun & Moon Family Box,smL,Sun & Moon,JAPANESE,"Fri, 15 Mar 2019 00:00:00 GMT",0,0.0,0.0
141,Double Blaze,sm10,Sun & Moon,JAPANESE,"Fri, 01 Mar 2019 00:00:00 GMT",115,883.5645833333332,7.683170289855071
462,Tag Team GX Deck Build Box,smN,Sun & Moon,JAPANESE,"Fri, 01 Mar 2019 00:00:00 GMT",29,37.91,1.3072413793103448
142,Full Metal Wall,sm9B,Sun & Moon,JAPANESE,"Fri, 01 Feb 2019 00:00:00 GMT",69,483.47316666666677,7.006857487922707
9,Team Up,,Sun & Moon,ENGLISH,"Fri, 01 Feb 2019 00:00:00 GMT",357,5670.599999999998,15.884033613445371
467,Trainer Battle Decks,smK,Sun & Moon,JAPANESE,"Fri, 25 Jan 2019 00:00:00 GMT",31,258.5725,8.341048387096773
143,Night Unison,sm9A,Sun & Moon,JAPANESE,"Fri, 11 Jan 2019 00:00:00 GMT",70,612.7185714285715,8.753122448979592
144,Tag Bolt,sm9,Sun & Moon,JAPANESE,"Fri, 07 Dec 2018 00:00:00 GMT",118,2775.6703174603144,23.522629808985716
463,Tag Team GX Premium Trainer Box,smJ,Sun & Moon,JAPANESE,"Fri, 07 Dec 2018 00:00:00 GMT",44,1122.8000000000002,25.518181818181823
422,"Flareon-GX, Vaporeon-GX & Jolteon-GX Starter Sets",smI,Sun & Moon,JAPANESE,"Fri, 23 Nov 2018 00:00:00 GMT",0,0.0,0.0
10,Lost Thunder,,Sun & Moon,ENGLISH,"Fri, 02 Nov 2018 00:00:00 GMT",409,1522.9600000000003,3.723618581907091
145,GX Ultra Shiny,sm8B,Sun & Moon,JAPANESE,"Fri, 02 Nov 2018 00:00:00 GMT",243,2740.97758333333,11.279743141289424
522,McDonald's Promos 2018,,Sun & Moon,ENGLISH,"Fri, 19 Oct 2018 00:00:00 GMT",12,120.05,10.004166666666666
146,Dark Order,sm8A,Sun & Moon,JAPANESE,"Fri, 05 Oct 2018 00:00:00 GMT",52,109.71000000000001,2.1098076923076925
147,Explosive Impact,sm8,Sun & Moon,JAPANESE,"Fri, 07 Sep 2018 00:00:00 GMT",95,181.93458333333334,1.9151008771929825
11,Dragon Majesty,,Sun & Moon,ENGLISH,"Fri, 07 Sep 2018 00:00:00 GMT",134,543.0200000000001,4.052388059701493
12,Celestial Storm,,Sun & Moon,ENGLISH,"Fri, 03 Aug 2018 00:00:00 GMT",320,1198.4700000000007,3.745218750000002
148,Fairy Rise,sm7B,Sun & Moon,JAPANESE,"Fri, 03 Aug 2018 00:00:00 GMT",50,96.67619047619048,1.9335238095238096
424,GX Starter Decks,smH,Sun & Moon,JAPANESE,"Fri, 13 Jul 2018 00:00:00 GMT",131,350.30000000000047,2.674045801526721
149,Thunderclap Spark,sm7A,Sun & Moon,JAPANESE,"Fri, 06 Jul 2018 00:00:00 GMT",60,183.27750000000003,3.0546250000000006
150,Charisma of the Cracked Sky,sm7,Sun & Moon,JAPANESE,"Fri, 01 Jun 2018 00:00:00 GMT",112,1051.5412500000002,9.388761160714287
13,Forbidden Light,,Sun & Moon,ENGLISH,"Fri, 04 May 2018 00:00:00 GMT",250,908.0800000000002,3.6323200000000004
152,Dragon Storm,sm6A,Sun & Moon,JAPANESE,"Fri, 06 Apr 2018 00:00:00 GMT",66,481.7691666666667,7.299532828282829
151,Champion Road,sm6B,Sun & Moon,JAPANESE,"Fri, 06 Apr 2018 00:00:00 GMT",86,1381.5083333333337,16.064050387596904
153,Forbidden Light Japanese,sm6,Sun & Moon,JAPANESE,"Fri, 02 Mar 2018 00:00:00 GMT",110,202.28999999999996,1.8389999999999997
468,Ultra Sun & Ultra Moon Deck Build Boxes,smG,Sun & Moon,JAPANESE,"Fri, 16 Feb 2018 00:00:00 GMT",0,0.0,0.0
14,Ultra Prism,,Sun & Moon,ENGLISH,"Fri, 02 Feb 2018 00:00:00 GMT",298,1840.3300000000002,6.1756040268456385
154,Ultra Force,sm5+,Sun & Moon,JAPANESE,"Fri, 19 Jan 2018 00:00:00 GMT",63,715.9016666666669,11.363518518518521
156,Ultra Sun,sm5S,Sun & Moon,JAPANESE,"Fri, 08 Dec 2017 00:00:00 GMT",78,529.6733333333334,6.790683760683762
155,Ultra Moon,sm5M,Sun & Moon,JAPANESE,"Fri, 08 Dec 2017 00:00:00 GMT",78,485.5583333333335,6.22510683760684
469,Ultra Sun & Ultra Moon Premium Trainer Box,smF,Sun & Moon,JAPANESE,"Fri, 08 Dec 2017 00:00:00 GMT",0,0.0,0.0
451,Solgaleo-GX & Lunala-GX Legendary Starter Set,smE,Sun & Moon,JAPANESE,"Fri, 10 Nov 2017 00:00:00 GMT",0,0.0,0.0
15,Crimson Invasion,,Sun & Moon,ENGLISH,"Fri, 03 Nov 2017 00:00:00 GMT",216,353.25999999999976,1.6354629629629618
157,GX Battle Boost,sm4+,Sun & Moon,JAPANESE,"Fri, 20 Oct 2017 00:00:00 GMT",125,5039.951666666666,40.31961333333333
16,Shining Legends,,Sun & Moon,ENGLISH,"Fri, 06 Oct 2017 00:00:00 GMT",138,781.3299999999999,5.661811594202898
158,Transdimensional Beast,sm4A,Sun & Moon,JAPANESE,"Fri, 15 Sep 2017 00:00:00 GMT",62,641.1966666666667,10.341881720430107
159,Awakened Heroes,sm4S,Sun & Moon,JAPANESE,"Fri, 15 Sep 2017 00:00:00 GMT",62,381.0250000000001,6.145564516129034
17,Burning Shadows,,Sun & Moon,ENGLISH,"Fri, 04 Aug 2017 00:00:00 GMT",285,1126.31,3.9519649122807015
523,McDonald's Promos 2017,,Sun & Moon,ENGLISH,"Thu, 03 Aug 2017 00:00:00 GMT",12,47.57,3.964166666666667
160,Shining Legends Japanese,sm3+,Sun & Moon,JAPANESE,"Sat, 15 Jul 2017 00:00:00 GMT",82,1239.1849999999988,15.112012195121936
162,Seen the Rainbow Battle,sm3H,Sun & Moon,JAPANESE,"Fri, 16 Jun 2017 00:00:00 GMT",64,894.2250000000001,13.972265625000002
161,Light Consuming Darkness,sm3N,Sun & Moon,JAPANESE,"Thu, 15 Jun 2017 00:00:00 GMT",64,694.4833333333333,10.851302083333334
18,Guardians Rising,,Sun & Moon,ENGLISH,"Fri, 05 May 2017 00:00:00 GMT",288,721.6200000000006,2.505625000000002
404,Ash vs Team Rocket Deck Kit,smD,Sun & Moon,JAPANESE,"Fri, 21 Apr 2017 00:00:00 GMT",30,362.7640833333333,12.09213611111111
365,The Best of XY,XY,Sun & Moon,JAPANESE,"Fri, 21 Apr 2017 00:00:00 GMT",188,6978.021825396823,37.11713736913204
163,Facing a New Trial,sm2+,Sun & Moon,JAPANESE,"Fri, 21 Apr 2017 00:00:00 GMT",70,1654.26,23.632285714285715
164,Islands Await You,sm2K,Sun & Moon,JAPANESE,"Fri, 17 Mar 2017 00:00:00 GMT",62,444.84,7.174838709677419
165,Alolan Moonlight,sm2L,Sun & Moon,JAPANESE,"Fri, 17 Mar 2017 00:00:00 GMT",62,816.8950000000001,13.175725806451615
465,Tapu Bulu-GX Enhanced Starter Set,smC,Sun & Moon,JAPANESE,"Fri, 17 Mar 2017 00:00:00 GMT",21,75.75999999999999,3.607619047619047
19,Sun & Moon,,Sun & Moon,ENGLISH,"Fri, 03 Feb 2017 00:00:00 GMT",0,0.0,0.0
166,Strength Expansion Pack Sun & Moon,sm1+,Sun & Moon,JAPANESE,"Fri, 27 Jan 2017 00:00:00 GMT",0,0.0,0.0
447,Rockruff Full Power Deck,smP1,Sun & Moon,JAPANESE,"Thu, 15 Dec 2016 00:00:00 GMT",13,15.120000000000001,1.1630769230769231
168,Collection Moon,sm1M,Sun & Moon,JAPANESE,"Fri, 09 Dec 2016 00:00:00 GMT",73,1772.7858333333331,24.28473744292237
445,Premium Trainer Box,smB,Sun & Moon,JAPANESE,"Fri, 09 Dec 2016 00:00:00 GMT",27,507.58500000000004,18.799444444444447
457,Sun & Moon Starter Set,smA,Sun & Moon,JAPANESE,"Fri, 09 Dec 2016 00:00:00 GMT",0,0.0,0.0
167,Collection Sun,sm1S,Sun & Moon,JAPANESE,"Fri, 09 Dec 2016 00:00:00 GMT",73,1222.3725000000002,16.74482876712329
438,Pikachu's New Friends,sm0,Sun & Moon,JAPANESE,"Fri, 18 Nov 2016 00:00:00 GMT",4,9.725,2.43125
456,SM-P Promos,PROMO,Sun & Moon,JAPANESE,"Fri, 18 Nov 2016 00:00:00 GMT",409,63788.41041706345,155.96188366030185
25,Sun & Moon Black Star Promo,,Sun & Moon,ENGLISH,"Mon, 03 Oct 2016 00:00:00 GMT",0,0.0,0.0
22,Evolutions,,XY,ENGLISH,"Sun, 02 Oct 2016 00:00:00 GMT",196,688.9500000000005,3.515051020408166
185,Expansion Pack 20th Anniversary,CP6,XY,JAPANESE,"Fri, 16 Sep 2016 00:00:00 GMT",103,2695.0874999999987,26.165898058252417
524,McDonald's Promos 2016,,XY,ENGLISH,"Sat, 20 Aug 2016 00:00:00 GMT",12,101.14999999999998,8.429166666666665
31,Steam Siege,,XY,ENGLISH,"Wed, 03 Aug 2016 00:00:00 GMT",209,372.2499999999998,1.7811004784688984
186,Mythical & Legendary Dream Shine Collection,CP5,XY,JAPANESE,"Sat, 16 Jul 2016 00:00:00 GMT",0,0.0,0.0
188,Fever-Burst Fighter,XY11,XY,JAPANESE,"Fri, 17 Jun 2016 00:00:00 GMT",59,320.26499999999993,5.428220338983049
189,Cruel Traitor,XY11,XY,JAPANESE,"Fri, 17 Jun 2016 00:00:00 GMT",59,264.67999999999995,4.486101694915253
32,Fates Collide,,XY,ENGLISH,"Mon, 02 May 2016 00:00:00 GMT",222,624.6099999999999,2.813558558558558
192,M Audino-EX Mega Battle Deck,XYh,XY,JAPANESE,"Fri, 18 Mar 2016 00:00:00 GMT",27,124.58166666666668,4.614135802469137
190,Awakening Psychic King,XY10,XY,JAPANESE,"Fri, 18 Mar 2016 00:00:00 GMT",88,991.8195833333332,11.270677083333332
191,Zygarde-EX Perfect Battle Deck,XYg,XY,JAPANESE,"Fri, 18 Mar 2016 00:00:00 GMT",20,252.31,12.6155
193,Premium Champion Pack,CP4,XY,JAPANESE,"Wed, 16 Mar 2016 00:00:00 GMT",140,1426.7733333333333,10.191238095238095
194,BREAK Starter Pack,20th,XY,JAPANESE,"Sat, 27 Feb 2016 00:00:00 GMT",77,719.4270000000001,9.343207792207794
169,Generations Radiant Collection,,XY,ENGLISH,"Mon, 22 Feb 2016 00:00:00 GMT",32,608.5699999999999,19.017812499999998
33,Generations,,XY,ENGLISH,"Mon, 22 Feb 2016 00:00:00 GMT",152,432.0799999999999,2.8426315789473677
34,BREAKpoint,,XY,ENGLISH,"Wed, 03 Feb 2016 00:00:00 GMT",220,683.3799999999999,3.1062727272727266
187,PokéKyun Collection,CP3,XY,JAPANESE,"Fri, 29 Jan 2016 00:00:00 GMT",32,1438.8955833333332,44.96548697916666
195,Rage of the Broken Heavens,XY9,XY,JAPANESE,"Fri, 11 Dec 2015 00:00:00 GMT",89,1139.298333333334,12.801104868913866
525,McDonald's Promos 2015,,XY,ENGLISH,"Fri, 27 Nov 2015 00:00:00 GMT",12,105.22000000000001,8.768333333333334
196,Golduck BREAK Palkia-EX Combo Deck,XYf,XY,JAPANESE,"Fri, 09 Oct 2015 00:00:00 GMT",17,192.38600000000002,11.316823529411765
35,BREAKthrough,,XY,ENGLISH,"Sun, 04 Oct 2015 00:00:00 GMT",302,939.5700000000004,3.111158940397352
197,Noivern BREAK Evolution Pack,SNP,XY,JAPANESE,"Sat, 26 Sep 2015 00:00:00 GMT",10,51.1,5.11
198,Raichu BREAK Evolution Pack,SNP,XY,JAPANESE,"Sat, 26 Sep 2015 00:00:00 GMT",10,106.6557142857143,10.665571428571429
200,Red Flash,XY8,XY,JAPANESE,"Sat, 26 Sep 2015 00:00:00 GMT",65,1006.7191666666664,15.487987179487176
199,Blue Shock,XY8,XY,JAPANESE,"Sat, 26 Sep 2015 00:00:00 GMT",65,1227.0666666666675,18.87794871794873
36,Ancient Origins,,XY,ENGLISH,"Wed, 12 Aug 2015 00:00:00 GMT",172,1460.8499999999992,8.493313953488368
433,M Master Deck Build Box Power Style,MMB,XY,JAPANESE,"Fri, 07 Aug 2015 00:00:00 GMT",49,159.825,3.2617346938775507
421,Emboar-EX vs Togekiss-EX Deck Kit,XYe,XY,JAPANESE,"Sat, 18 Jul 2015 00:00:00 GMT",26,110.42000000000002,4.2469230769230775
201,Legendary Shine Collection,CP2,XY,JAPANESE,"Sat, 18 Jul 2015 00:00:00 GMT",27,408.736,15.13837037037037
202,Bandit Ring,XY7,XY,JAPANESE,"Sat, 20 Jun 2015 00:00:00 GMT",97,1413.453888888889,14.571689576174114
37,Roaring Skies,,XY,ENGLISH,"Wed, 06 May 2015 00:00:00 GMT",196,874.0199999999998,4.459285714285713
291,Double Crisis,,XY,ENGLISH,"Wed, 25 Mar 2015 00:00:00 GMT",66,752.5099999999996,11.401666666666662
204,Emerald Break,XY6,XY,JAPANESE,"Sat, 14 Mar 2015 00:00:00 GMT",91,1278.476666666667,14.049194139194142
203,M Rayquaza-EX Mega Battle Deck,XYd,XY,JAPANESE,"Sat, 14 Mar 2015 00:00:00 GMT",20,74.33999999999999,3.7169999999999996
38,Primal Clash,,XY,ENGLISH,"Wed, 04 Feb 2015 00:00:00 GMT",296,1131.0700000000004,3.8211824324324337
205,Magma Gang vs Aqua Gang: Double Crisis,CP1,XY,JAPANESE,"Fri, 30 Jan 2015 00:00:00 GMT",34,306.4316666666666,9.012696078431372
206,Tidal Storm,XY5,XY,JAPANESE,"Sat, 13 Dec 2014 00:00:00 GMT",80,646.15,8.076875
207,Gaia Volcano,XY5,XY,JAPANESE,"Sat, 13 Dec 2014 00:00:00 GMT",80,2223.374666666666,27.792183333333327
208,Xerneas-EX & Yveltal-EX Super Legend Set,XYc,XY,JAPANESE,"Fri, 14 Nov 2014 00:00:00 GMT",0,0.0,0.0
39,Phantom Forces,,XY,ENGLISH,"Sun, 05 Oct 2014 00:00:00 GMT",225,1279.0200000000013,5.68453333333334
209,Dialga-EX Aegislash-EX Hyper Metal Chain Deck,XYb,XY,JAPANESE,"Sat, 13 Sep 2014 00:00:00 GMT",20,178.67666666666668,8.933833333333334
210,Phantom Gate,XY4,XY,JAPANESE,"Sat, 13 Sep 2014 00:00:00 GMT",97,649.2117857142858,6.6929050073637715
40,Furious Fists,,XY,ENGLISH,"Wed, 13 Aug 2014 00:00:00 GMT",210,622.5800000000005,2.9646666666666692
174,Alternate Art Promos,,XY,ENGLISH,"Wed, 13 Aug 2014 00:00:00 GMT",55,1330.5566666666668,24.191939393939396
211,Rising Fist,XY3,XY,JAPANESE,"Sat, 14 Jun 2014 00:00:00 GMT",105,649.0968333333333,6.181874603174602
526,McDonald's Promos 2014,,XY,ENGLISH,"Fri, 23 May 2014 00:00:00 GMT",12,73.89000000000001,6.1575000000000015
41,Flashfire,,XY,ENGLISH,"Wed, 07 May 2014 00:00:00 GMT",200,1386.8700000000008,6.934350000000004
219,Wild Blaze,XY2,XY,JAPANESE,"Sat, 15 Mar 2014 00:00:00 GMT",90,979.405,10.882277777777777
212,M Charizard-EX Mega Battle Deck,XYa,XY,JAPANESE,"Sat, 15 Mar 2014 00:00:00 GMT",23,71.86,3.1243478260869564
42,XY Base,,XY,ENGLISH,"Wed, 05 Feb 2014 00:00:00 GMT",271,543.8400000000001,2.0067896678966797
213,Yveltal Half Deck,Y30,XY,JAPANESE,"Fri, 31 Jan 2014 00:00:00 GMT",15,12.766666666666667,0.8511111111111112
214,Xerneas Half Deck,X30,XY,JAPANESE,"Fri, 31 Jan 2014 00:00:00 GMT",15,28.300000000000004,1.886666666666667
551,Pokemon Scrap,,XY,JAPANESE,"Thu, 02 Jan 2014 00:00:00 GMT",56,685.2416666666669,12.236458333333337
216,Collection Y,XY1,XY,JAPANESE,"Fri, 13 Dec 2013 00:00:00 GMT",63,183.26473214285716,2.908964002267574
215,Collection X,XY1,XY,JAPANESE,"Fri, 13 Dec 2013 00:00:00 GMT",63,186.08499999999998,2.9537301587301585
217,XY Beginning Set,HXY,XY,JAPANESE,"Fri, 08 Nov 2013 00:00:00 GMT",39,130.735,3.3521794871794874
170,Legendary Treasures Radiant Collection,,Black & White,ENGLISH,"Wed, 06 Nov 2013 00:00:00 GMT",25,431.3800000000001,17.255200000000006
43,Legendary Treasures,,Black & White,ENGLISH,"Wed, 06 Nov 2013 00:00:00 GMT",216,887.9700000000005,4.110972222222224
175,XY Black Star Promos,,XY,ENGLISH,"Tue, 01 Oct 2013 00:00:00 GMT",213,3608.2575,16.94017605633803
44,Plasma Blast,,Black & White,ENGLISH,"Wed, 14 Aug 2013 00:00:00 GMT",190,1167.3300000000008,6.143842105263162
218,XY Promos,PROMO,XY,JAPANESE,"Thu, 01 Aug 2013 00:00:00 GMT",298,105945.51508364259,355.5218626967872
220,Mewtwo vs Genesect Deck Kit (Genesect),MG,Black & White,JAPANESE,"Sat, 13 Jul 2013 00:00:00 GMT",17,129.16333333333336,7.597843137254904
221,EX Battle Boost,EBB,Black & White,JAPANESE,"Sat, 13 Jul 2013 00:00:00 GMT",99,742.0725,7.495681818181818
435,Mewtwo vs Genesect Deck Kit (Mewtwo),MG,Black & White,JAPANESE,"Sat, 13 Jul 2013 00:00:00 GMT",17,124.35499999999999,7.3149999999999995
45,Plasma Freeze,,Black & White,ENGLISH,"Wed, 08 May 2013 00:00:00 GMT",222,2717.5199999999995,12.241081081081079
223,Megalo Cannon,BW9,Black & White,JAPANESE,"Fri, 15 Mar 2013 00:00:00 GMT",86,619.9701111111111,7.208954780361757
222,Blastoise Kyurem-EX Combo Deck,K+K,Black & White,JAPANESE,"Fri, 15 Mar 2013 00:00:00 GMT",19,206.18191666666667,10.851679824561403
46,Plasma Storm,,Black & White,ENGLISH,"Wed, 06 Feb 2013 00:00:00 GMT",257,1871.8899999999987,7.283618677042797
224,Shiny Collection,SC,Black & White,JAPANESE,"Fri, 01 Feb 2013 00:00:00 GMT",25,433.11604166666655,17.32464166666666
226,Spiral Force,BW8,Black & White,JAPANESE,"Fri, 14 Dec 2012 00:00:00 GMT",58,827.8300000000002,14.272931034482761
225,Thunder Knuckle,BW8,Black & White,JAPANESE,"Fri, 14 Dec 2012 00:00:00 GMT",58,459.8350000000001,7.928189655172416
227,Everyone's Exciting Battle,WAK,Black & White,JAPANESE,"Fri, 16 Nov 2012 00:00:00 GMT",53,607.475,11.461792452830188
228,Team Plasma Battle Gift Set,PBG,Black & White,JAPANESE,"Fri, 16 Nov 2012 00:00:00 GMT",18,137.57750000000001,7.643194444444445
229,White Kyurem-EX Battle Strength Deck,BKW,Black & White,JAPANESE,"Fri, 19 Oct 2012 00:00:00 GMT",20,115.93999999999998,5.796999999999999
230,Black Kyurem-EX Battle Strength Deck,BKB,Black & White,JAPANESE,"Fri, 19 Oct 2012 00:00:00 GMT",20,50.2625,2.513125
233,Plasma Gale,BW7,Black & White,JAPANESE,"Sun, 14 Oct 2012 00:00:00 GMT",79,918.4826666666668,11.626362869198314
232,Team Plasma Powered Half Deck,PPD,Black & White,JAPANESE,"Sun, 14 Oct 2012 00:00:00 GMT",19,75.17,3.9563157894736842
231,Master Deck Build Box EX,MDB,Black & White,JAPANESE,"Sun, 14 Oct 2012 00:00:00 GMT",51,67.685,1.327156862745098
389,Dragon Vault,,Black & White,ENGLISH,"Fri, 12 Oct 2012 00:00:00 GMT",21,131.41,6.257619047619047
47,Boundaries Crossed,,Black & White,ENGLISH,"Sun, 07 Oct 2012 00:00:00 GMT",283,2065.0099999999993,7.296855123674909
48,Dragons Exalted,,Black & White,ENGLISH,"Wed, 15 Aug 2012 00:00:00 GMT",240,1750.180000000001,7.2924166666666705
235,Freeze Bolt,BW6,Black & White,JAPANESE,"Fri, 13 Jul 2012 00:00:00 GMT",65,416.31566666666674,6.404856410256412
234,Cold Flare,BW6,Black & White,JAPANESE,"Fri, 13 Jul 2012 00:00:00 GMT",65,477.1733333333335,7.341128205128208
528,McDonald's Promos 2012,,Black & White,ENGLISH,"Fri, 15 Jun 2012 00:00:00 GMT",12,70.08000000000001,5.840000000000001
49,Dark Explorers,,Black & White,ENGLISH,"Wed, 09 May 2012 00:00:00 GMT",207,2164.47,10.456376811594202
236,National Pokedex Beginning Set,HSZ,Black & White,JAPANESE,"Fri, 20 Apr 2012 00:00:00 GMT",34,137.92458333333332,4.056605392156862
237,Keldeo Battle Strength Deck,KLD,Black & White,JAPANESE,"Fri, 20 Apr 2012 00:00:00 GMT",18,175.53,9.751666666666667
239,Hydreigon Half Deck,SZD,Black & White,JAPANESE,"Fri, 16 Mar 2012 00:00:00 GMT",18,15.370000000000001,0.8538888888888889
238,Garchomp Half Deck,GBR,Black & White,JAPANESE,"Fri, 16 Mar 2012 00:00:00 GMT",18,111.14433333333332,6.174685185185185
241,Dragon Blade,BW5,Black & White,JAPANESE,"Fri, 16 Mar 2012 00:00:00 GMT",55,735.9800000000002,13.38145454545455
240,Dragon Blast,BW5,Black & White,JAPANESE,"Fri, 16 Mar 2012 00:00:00 GMT",55,497.98916666666673,9.054348484848486
97,Next Destinies,,Black & White,ENGLISH,"Wed, 08 Feb 2012 00:00:00 GMT",190,1133.280000000001,5.964631578947374
242,Dragon Selection,DS,Black & White,JAPANESE,"Fri, 27 Jan 2012 00:00:00 GMT",20,86.82489285714286,4.341244642857143
243,Dark Rush,BW4,Black & White,JAPANESE,"Fri, 16 Dec 2011 00:00:00 GMT",76,548.4160416666667,7.216000548245614
256,Beginning Set Pikachu (Oshawott),HSP,Black & White,JAPANESE,"Fri, 18 Nov 2011 00:00:00 GMT",14,38.69499999999999,2.763928571428571
413,Beginning Set Pikachu (Tepig),HSP,Black & White,JAPANESE,"Fri, 18 Nov 2011 00:00:00 GMT",14,120.99,8.642142857142856
412,Beginning Set Pikachu (Snivy),HSP,Black & White,JAPANESE,"Fri, 18 Nov 2011 00:00:00 GMT",14,30.240000000000002,2.16
244,Thundurus vs Tornadus Battle Gift Set,BGS,Black & White,JAPANESE,"Fri, 18 Nov 2011 00:00:00 GMT",26,40.89,1.5726923076923076
246,Reshiram-EX Battle Strength Deck,BKR,Black & White,JAPANESE,"Fri, 21 Oct 2011 00:00:00 GMT",20,63.31,3.1655
245,Zekrom-EX Battle Strength Deck,BKZ,Black & White,JAPANESE,"Fri, 21 Oct 2011 00:00:00 GMT",20,85.79750000000001,4.289875
247,Hail Blizzard,BW3,Black & White,JAPANESE,"Sun, 16 Oct 2011 00:00:00 GMT",57,275.28000000000014,4.829473684210529
50,Noble Victories,,Black & White,ENGLISH,"Sun, 16 Oct 2011 00:00:00 GMT",198,724.6500000000005,3.659848484848488
248,Psycho Drive,BW3,Black & White,JAPANESE,"Sun, 16 Oct 2011 00:00:00 GMT",57,286.6786666666667,5.029450292397661
51,Emerging Powers,,Black & White,ENGLISH,"Wed, 31 Aug 2011 00:00:00 GMT",194,189.5499999999999,0.9770618556701026
255,Beginning Set Plus (Oshawott),HS+,Black & White,JAPANESE,"Fri, 05 Aug 2011 00:00:00 GMT",14,53.03,3.787857142857143
411,Beginning Set Plus (Tepig),HS+,Black & White,JAPANESE,"Fri, 05 Aug 2011 00:00:00 GMT",14,12.475,0.8910714285714285
410,Beginning Set Plus (Snivy),HS+,Black & White,JAPANESE,"Fri, 05 Aug 2011 00:00:00 GMT",14,215.05333333333334,15.360952380952382
249,Red Collection,BW2,Black & White,JAPANESE,"Fri, 15 Jul 2011 00:00:00 GMT",72,384.9192857142857,5.34610119047619
529,McDonald's Promos 2011,,Black & White,ENGLISH,"Fri, 17 Jun 2011 00:00:00 GMT",12,41.42,3.4516666666666667
250,Victini Battle Theme Deck,BTV,Black & White,JAPANESE,"Fri, 17 Jun 2011 00:00:00 GMT",27,190.735,7.06425925925926
30,Black and White,,Black & White,ENGLISH,"Mon, 25 Apr 2011 00:00:00 GMT",219,485.81999999999994,2.2183561643835614
466,Terrakion Battle Strength Deck,BK,Black & White,JAPANESE,"Fri, 18 Mar 2011 00:00:00 GMT",17,138.72,8.16
251,Cobalion Battle Strength Deck,BK,Black & White,JAPANESE,"Fri, 18 Mar 2011 00:00:00 GMT",16,123.53,7.720625
481,Virizion Battle Strength Deck,BK,Black & White,JAPANESE,"Fri, 18 Mar 2011 00:00:00 GMT",17,1284.79,75.57588235294118
292,Black and White Promos,,Black & White,ENGLISH,"Tue, 01 Mar 2011 00:00:00 GMT",118,2986.409999999999,25.30855932203389
52,Call of Legends,,Call of Legends,ENGLISH,"Wed, 09 Feb 2011 00:00:00 GMT",201,4054.54,20.1718407960199
252,Black Collection,BW1,Black & White,JAPANESE,"Fri, 17 Dec 2010 00:00:00 GMT",56,208.63208333333336,3.725572916666667
253,White Collection,BW1,Black & White,JAPANESE,"Fri, 17 Dec 2010 00:00:00 GMT",56,171.62933333333336,3.0648095238095245
258,Black & White Promos,PROMO,Black & White,JAPANESE,"Wed, 01 Dec 2010 00:00:00 GMT",0,0.0,0.0
409,Beginning Set (Tepig),HS,Black & White,JAPANESE,"Fri, 29 Oct 2010 00:00:00 GMT",0,0.0,0.0
254,Beginning Set (Oshawott),HS,Black & White,JAPANESE,"Fri, 29 Oct 2010 00:00:00 GMT",0,0.0,0.0
408,Beginning Set (Snivy),HS,Black & White,JAPANESE,"Fri, 29 Oct 2010 00:00:00 GMT",0,0.0,0.0
53,Triumphant,,HeartGold SoulSilver,ENGLISH,"Sun, 03 Oct 2010 00:00:00 GMT",193,1083.7099999999994,5.615077720207251
257,Journey Partners,CS1,Black & White,JAPANESE,"Sat, 18 Sep 2010 00:00:00 GMT",9,44.63,4.95888888888889
54,Undaunted,,HeartGold SoulSilver,ENGLISH,"Wed, 18 Aug 2010 00:00:00 GMT",171,1437.8999999999992,8.408771929824557
259,Clash at the Summit,L3,LEGEND,JAPANESE,"Thu, 08 Jul 2010 00:00:00 GMT",81,670.7963333333337,8.281436213991773
55,Unleashed,,HeartGold SoulSilver,ENGLISH,"Wed, 12 May 2010 00:00:00 GMT",179,1210.11,6.760391061452514
260,Lost Link,LL,LEGEND,JAPANESE,"Fri, 16 Apr 2010 00:00:00 GMT",40,457.8845833333333,11.447114583333333
263,Reviving Legends,L2,LEGEND,JAPANESE,"Thu, 11 Feb 2010 00:00:00 GMT",81,1019.832513888889,12.59052486282579
261,Tyranitar Constructed Standard Deck,L2,LEGEND,JAPANESE,"Thu, 11 Feb 2010 00:00:00 GMT",16,22.85,1.428125
262,Steelix Constructed Standard Deck,L2,LEGEND,JAPANESE,"Thu, 11 Feb 2010 00:00:00 GMT",19,143.4125,7.548026315789474
80,HeartGold SoulSilver,,HeartGold SoulSilver,ENGLISH,"Wed, 10 Feb 2010 00:00:00 GMT",237,2092.0800000000004,8.8273417721519
518,HGSS Black Star Promo,,HeartGold SoulSilver,ENGLISH,"Mon, 01 Feb 2010 00:00:00 GMT",25,574.9499999999999,22.997999999999998
176,Miscellaneous Promos,,HeartGold SoulSilver,ENGLISH,"Fri, 01 Jan 2010 00:00:00 GMT",319,3312.829999999998,10.385047021943567
553,Pokemon Rumble,,Platinum,ENGLISH,"Wed, 02 Dec 2009 00:00:00 GMT",16,972.23,60.764375
406,Battle Starter Deck (Raichu),B,LEGEND,JAPANESE,"Fri, 20 Nov 2009 00:00:00 GMT",11,31.902857142857144,2.9002597402597403
407,Battle Starter Deck (Torterra),B,LEGEND,JAPANESE,"Fri, 20 Nov 2009 00:00:00 GMT",10,28.4,2.84
264,Leafeon VS Metagross Expert Deck Online,E,LEGEND,JAPANESE,"Fri, 20 Nov 2009 00:00:00 GMT",29,1060.5416666666667,36.570402298850574
265,Battle Starter Deck (Blastoise),B,LEGEND,JAPANESE,"Fri, 20 Nov 2009 00:00:00 GMT",10,41.647999999999996,4.1648
405,Battle Starter Deck (Magmortar),B,LEGEND,JAPANESE,"Fri, 20 Nov 2009 00:00:00 GMT",9,48.04500000000001,5.338333333333335
266,SoulSilver Collection,L1,LEGEND,JAPANESE,"Fri, 09 Oct 2009 00:00:00 GMT",79,561.4561666666668,7.107040084388188
267,HeartGold Collection,L1,LEGEND,JAPANESE,"Fri, 09 Oct 2009 00:00:00 GMT",79,445.1583333333335,5.634915611814348
56,Arceus,,Platinum,ENGLISH,"Sun, 04 Oct 2009 00:00:00 GMT",204,1354.96,6.641960784313726
431,LEGEND Promos,PROMO,LEGEND,JAPANESE,"Tue, 01 Sep 2009 00:00:00 GMT",79,22830.628694444462,288.9952999296767
57,Supreme Victors,,Platinum,ENGLISH,"Wed, 19 Aug 2009 00:00:00 GMT",293,2142.0,7.310580204778157
269,Movie Commemoration Random Pack,M,Platinum,JAPANESE,"Sat, 18 Jul 2009 00:00:00 GMT",30,363.49483333333336,12.116494444444445
270,Melee! Pokémon Scramble,L,Platinum,JAPANESE,"Fri, 10 Jul 2009 00:00:00 GMT",19,7552.731825757575,397.51220135566183
273,Advent of Arceus,pt4,Platinum,JAPANESE,"Wed, 08 Jul 2009 00:00:00 GMT",98,696.3933333333335,7.10605442176871
271,Arceus LV.X Deck (Lightning & Psychic),Pt,Platinum,JAPANESE,"Wed, 08 Jul 2009 00:00:00 GMT",0,0.0,0.0
272,Arceus LV.X Deck (Grass & Fire),Pt,Platinum,JAPANESE,"Wed, 08 Jul 2009 00:00:00 GMT",0,0.0,0.0
100,Rising Rivals,,Platinum,ENGLISH,"Sat, 16 May 2009 00:00:00 GMT",222,1966.91,8.859954954954956
274,Collection Pack (Shaymin LV.X),PtS,Platinum,JAPANESE,"Sat, 18 Apr 2009 00:00:00 GMT",12,69.73333333333335,5.811111111111113
276,Collection Pack (Regigigas LV.X),PtR,Platinum,JAPANESE,"Sat, 18 Apr 2009 00:00:00 GMT",12,74.135,6.177916666666667
275,Collection Pack (Mewtwo LV.X),PtM,Platinum,JAPANESE,"Sat, 18 Apr 2009 00:00:00 GMT",12,251.29222222222225,20.941018518518522
278,Charizard Half Deck 2009,Pt,Platinum,JAPANESE,"Fri, 06 Mar 2009 00:00:00 GMT",16,263.83770833333335,16.489856770833335
277,Garchomp Half Deck 2009,Pt,Platinum,JAPANESE,"Fri, 06 Mar 2009 00:00:00 GMT",16,121.1747222222222,7.5734201388888875
279,Beat of the Frontier,Pt3,Platinum,JAPANESE,"Fri, 06 Mar 2009 00:00:00 GMT",108,608.7127142857145,5.636228835978837
398,Pop Series 9,,Platinum,ENGLISH,"Sun, 01 Mar 2009 00:00:00 GMT",17,65.71,3.8652941176470583
98,Platinum,,Platinum,ENGLISH,"Wed, 11 Feb 2009 00:00:00 GMT",254,1255.93,4.944606299212599
281,SP Deck Kit (Gallade),Pt,Platinum,JAPANESE,"Fri, 26 Dec 2008 00:00:00 GMT",18,53.489000000000004,2.971611111111111
280,SP Deck Kit (Infernape),Pt,Platinum,JAPANESE,"Fri, 26 Dec 2008 00:00:00 GMT",18,91.63999999999999,5.09111111111111
282,Bonds to the End of Time,Pt2,Platinum,JAPANESE,"Fri, 26 Dec 2008 00:00:00 GMT",90,613.5316666666668,6.81701851851852
418,DPt Gift Box (Pikachu),Pt,Platinum,JAPANESE,"Thu, 20 Nov 2008 00:00:00 GMT",15,82.36,5.490666666666667
284,DPt Gift Box (Turtwig),Pt,Platinum,JAPANESE,"Thu, 20 Nov 2008 00:00:00 GMT",14,42.36000000000001,3.0257142857142862
419,DPt Gift Box (Piplup),Pt,Platinum,JAPANESE,"Thu, 20 Nov 2008 00:00:00 GMT",15,171.74,11.449333333333334
283,DPt Gift Box (Chimchar),Pt,Platinum,JAPANESE,"Thu, 20 Nov 2008 00:00:00 GMT",13,57.21,4.400769230769231
288,Galactic's Conquest,Pt1,Platinum,JAPANESE,"Fri, 10 Oct 2008 00:00:00 GMT",96,586.5128333333336,6.109508680555558
285,Giratina Half Deck,,Platinum,JAPANESE,"Fri, 10 Oct 2008 00:00:00 GMT",14,579.3725000000001,41.383750000000006
286,Dialga Half Deck,,Platinum,JAPANESE,"Fri, 10 Oct 2008 00:00:00 GMT",14,453.9686666666667,32.42633333333334
287,Palkia Half Deck,,Platinum,JAPANESE,"Fri, 10 Oct 2008 00:00:00 GMT",13,246.854,18.988769230769233
105,Stormfront,,Diamond & Pearl,ENGLISH,"Wed, 01 Oct 2008 00:00:00 GMT",201,1393.55,6.933084577114427
289,DPt-P Promos,PROMO,Platinum,JAPANESE,"Wed, 01 Oct 2008 00:00:00 GMT",51,4258.290749458875,83.49589704821324
397,Pop Series 8,,Diamond & Pearl,ENGLISH,"Mon, 01 Sep 2008 00:00:00 GMT",17,44.94,2.643529411764706
58,Legends Awakened,,Diamond & Pearl,ENGLISH,"Fri, 01 Aug 2008 00:00:00 GMT",285,1541.410000000002,5.408456140350884
293,11th Movie Commemoration Set,,Diamond & Pearl,JAPANESE,"Fri, 01 Aug 2008 00:00:00 GMT",9,81.27499999999999,9.030555555555555
296,Intense Fight in the Destroyed Sky,,Diamond & Pearl,JAPANESE,"Thu, 10 Jul 2008 00:00:00 GMT",92,434.34000000000003,4.72108695652174
87,Majestic Dawn,,Diamond & Pearl,ENGLISH,"Thu, 01 May 2008 00:00:00 GMT",196,1740.4500000000003,8.879846938775511
297,Heatran Half Deck,DP5,Diamond & Pearl,JAPANESE,"Fri, 14 Mar 2008 00:00:00 GMT",15,89.591,5.972733333333333
299,Temple of Anger,DP5,Diamond & Pearl,JAPANESE,"Fri, 14 Mar 2008 00:00:00 GMT",65,12.864999999999998,0.1979230769230769
300,Cry From The Mysterious,DP5,Diamond & Pearl,JAPANESE,"Fri, 14 Mar 2008 00:00:00 GMT",65,270.46999999999997,4.161076923076923
298,Regigigas Half Deck,DP5,Diamond & Pearl,JAPANESE,"Fri, 14 Mar 2008 00:00:00 GMT",16,177.02432575757575,11.064020359848485
396,Pop Series 7,,Diamond & Pearl,ENGLISH,"Sat, 01 Mar 2008 00:00:00 GMT",17,67.84,3.9905882352941178
59,Great Encounters,,Diamond & Pearl,ENGLISH,"Fri, 01 Feb 2008 00:00:00 GMT",208,901.07,4.3320673076923075
493,Infernape Half Deck 2007,,Diamond & Pearl,JAPANESE,"Fri, 30 Nov 2007 00:00:00 GMT",15,103.97403571428572,6.9316023809523815
494,Torterra Half Deck 2007,,Diamond & Pearl,JAPANESE,"Fri, 30 Nov 2007 00:00:00 GMT",15,119.94455555555554,7.996303703703703
496,Raichu Half Deck 2007,,Diamond & Pearl,JAPANESE,"Fri, 30 Nov 2007 00:00:00 GMT",14,134.12238095238095,9.580170068027211
495,Empoleon Half Deck 2007,,Diamond & Pearl,JAPANESE,"Fri, 30 Nov 2007 00:00:00 GMT",16,296.66236363636364,18.541397727272727
307,Moonlit Pursuit,DP4,Diamond & Pearl,JAPANESE,"Fri, 26 Oct 2007 00:00:00 GMT",70,349.35833333333335,4.990833333333334
305,Magmortar Half Deck,DP4,Diamond & Pearl,JAPANESE,"Fri, 26 Oct 2007 00:00:00 GMT",18,120.67833333333333,6.704351851851851
306,Electivire Half Deck,DP4,Diamond & Pearl,JAPANESE,"Fri, 26 Oct 2007 00:00:00 GMT",18,282.31208333333336,15.684004629629632
308,Dawn Dash,DP4,Diamond & Pearl,JAPANESE,"Fri, 26 Oct 2007 00:00:00 GMT",70,354.48916666666673,5.064130952380953
103,Secret Wonders,,Diamond & Pearl,ENGLISH,"Mon, 01 Oct 2007 00:00:00 GMT",262,1438.970000000001,5.49225190839695
395,Pop Series 6,,Diamond & Pearl,ENGLISH,"Sat, 01 Sep 2007 00:00:00 GMT",18,174.76000000000002,9.70888888888889
309,10th Movie Commemoration Set,10th,Diamond & Pearl,JAPANESE,"Fri, 03 Aug 2007 00:00:00 GMT",11,118.93499999999999,10.812272727272726
88,Mysterious Treasures,,Diamond & Pearl,ENGLISH,"Wed, 01 Aug 2007 00:00:00 GMT",244,789.26,3.234672131147541
310,Dialga LV.X Constructed Standard Deck,DP3,Diamond & Pearl,JAPANESE,"Thu, 05 Jul 2007 00:00:00 GMT",21,482.2606666666666,22.96479365079365
312,Shining Darkness,DP3,Diamond & Pearl,JAPANESE,"Thu, 05 Jul 2007 00:00:00 GMT",119,2015.8169999999998,16.939638655462183
311,Palkia LV.X Constructed Standard Deck,DP3,Diamond & Pearl,JAPANESE,"Thu, 05 Jul 2007 00:00:00 GMT",22,189.96187500000002,8.634630681818182
313,World Champions Pack,,Diamond & Pearl,JAPANESE,"Thu, 05 Jul 2007 00:00:00 GMT",108,2116.295000000001,19.59532407407408
444,PPP Promos,,Diamond & Pearl,JAPANESE,"Tue, 01 May 2007 00:00:00 GMT",7,129.065,18.437857142857144
60,Diamond & Pearl,,Diamond & Pearl,ENGLISH,"Tue, 01 May 2007 00:00:00 GMT",0,0.0,0.0
113,Diamond and Pearl Promo,,Diamond & Pearl,ENGLISH,"Tue, 01 May 2007 00:00:00 GMT",54,1870.3799999999999,34.63666666666666
314,Rampardos the Attacker,DP2,Diamond & Pearl,JAPANESE,"Fri, 02 Mar 2007 00:00:00 GMT",18,127.74441666666667,7.096912037037037
316,Secret of the Lakes,DP2,Diamond & Pearl,JAPANESE,"Fri, 02 Mar 2007 00:00:00 GMT",131,127.30999999999999,0.9718320610687022
315,Bastiodon the Defender,DP2,Diamond & Pearl,JAPANESE,"Fri, 02 Mar 2007 00:00:00 GMT",18,197.57553571428576,10.976418650793654
394,Pop Series 5,,EX Ruby & Sapphire,ENGLISH,"Thu, 01 Mar 2007 00:00:00 GMT",17,1817.26,106.89764705882352
99,Power Keepers,,EX Ruby & Sapphire,ENGLISH,"Thu, 01 Feb 2007 00:00:00 GMT",205,3204.5199999999986,15.631804878048774
318,DP-P Promos,,Diamond & Pearl,JAPANESE,"Fri, 01 Dec 2006 00:00:00 GMT",127,1971.3820833333332,15.522693569553805
317,Space-Time Creation,DP1,Diamond & Pearl,JAPANESE,"Thu, 30 Nov 2006 00:00:00 GMT",122,885.6175,7.259159836065574
303,Empoleon Half Deck 2006,DP,Diamond & Pearl,JAPANESE,"Fri, 27 Oct 2006 00:00:00 GMT",16,487.27350000000007,30.454593750000004
301,Torterra Half Deck 2006,DP,Diamond & Pearl,JAPANESE,"Fri, 27 Oct 2006 00:00:00 GMT",15,152.965,10.197666666666667
302,Infernape Half Deck 2006,DP,Diamond & Pearl,JAPANESE,"Fri, 27 Oct 2006 00:00:00 GMT",15,285.1045238095238,19.006968253968253
61,Dragon Frontiers,,EX Ruby & Sapphire,ENGLISH,"Sun, 01 Oct 2006 00:00:00 GMT",190,5173.709999999997,27.230052631578932
393,Pop Series 4,,EX Ruby & Sapphire,ENGLISH,"Tue, 01 Aug 2006 00:00:00 GMT",17,854.09,50.24058823529412
62,Crystal Guardians,,EX Ruby & Sapphire,ENGLISH,"Tue, 01 Aug 2006 00:00:00 GMT",188,3935.909999999998,20.93569148936169
321,Shockwave Tyranitar Constructed Standard Deck,,PCG,JAPANESE,"Sat, 29 Jul 2006 00:00:00 GMT",24,784.96,32.70666666666667
320,Imprison Gardevoir Constructed Deck,,PCG,JAPANESE,"Sat, 29 Jul 2006 00:00:00 GMT",24,91.31499999999998,3.804791666666666
319,Movie Release Commemoration VS Pack Sea's Manaphy,Vs,PCG,JAPANESE,"Sat, 15 Jul 2006 00:00:00 GMT",19,156.48499999999999,8.236052631578946
436,Offense and Defense of the Furthest Ends,,PCG,JAPANESE,"Thu, 29 Jun 2006 00:00:00 GMT",68,1359.32,19.99
82,Holon Phantoms,,EX Ruby & Sapphire,ENGLISH,"Mon, 01 May 2006 00:00:00 GMT",215,9107.63999999999,42.36111627906972
392,Pop Series 3,,EX Ruby & Sapphire,ENGLISH,"Sat, 01 Apr 2006 00:00:00 GMT",18,315.74,17.54111111111111
324,Earth's Groudon Constructed Starter Deck,,PCG,JAPANESE,"Fri, 10 Mar 2006 00:00:00 GMT",16,53.580000000000005,3.3487500000000003
325,Miracle Crystal,,PCG,JAPANESE,"Fri, 10 Mar 2006 00:00:00 GMT",75,1355.0823333333335,18.067764444444446
323,Ocean's Kyogre Constructed Starter Deck,,PCG,JAPANESE,"Fri, 10 Mar 2006 00:00:00 GMT",16,61.910000000000004,3.8693750000000002
85,Legend Maker,,EX Ruby & Sapphire,ENGLISH,"Mon, 13 Feb 2006 00:00:00 GMT",174,2713.28,15.593563218390806
326,Holon Phantom,,PCG,JAPANESE,"Fri, 27 Jan 2006 00:00:00 GMT",52,827.5915833333333,15.915222756410257
329,Crawdaunt Quarter Deck,,Diamond & Pearl,JAPANESE,"Wed, 16 Nov 2005 00:00:00 GMT",15,56.766666666666666,3.7844444444444445
330,Lucario Quarter Deck,,Diamond & Pearl,JAPANESE,"Wed, 16 Nov 2005 00:00:00 GMT",15,390.39,26.026
328,Mightyena Quarter Deck,,Diamond & Pearl,JAPANESE,"Wed, 16 Nov 2005 00:00:00 GMT",15,74.34708333333333,4.956472222222222
327,Mew Quarter Deck,,Diamond & Pearl,JAPANESE,"Wed, 16 Nov 2005 00:00:00 GMT",15,341.70352380952386,22.780234920634925
63,Delta Species,,EX Ruby & Sapphire,ENGLISH,"Mon, 31 Oct 2005 00:00:00 GMT",220,5829.42,26.497363636363637
331,Holon Research Tower,,PCG,JAPANESE,"Fri, 28 Oct 2005 00:00:00 GMT",86,1993.710416666667,23.182679263565895
355,Rocket Gang Strikes Back,R,PCG,JAPANESE,"Sat, 15 Oct 2005 00:00:00 GMT",85,4453.1975,52.39055882352942
332,Holon Research Tower Lightning Quarter Deck,,PCG,JAPANESE,"Fri, 07 Oct 2005 00:00:00 GMT",15,109.80083333333333,7.320055555555555
333,Holon Research Tower Water Quarter Deck,,PCG,JAPANESE,"Fri, 07 Oct 2005 00:00:00 GMT",15,133.50666666666666,8.900444444444444
334,Holon Research Tower: Fire Quarter Deck,,PCG,JAPANESE,"Fri, 07 Oct 2005 00:00:00 GMT",15,72.03,4.8020000000000005
64,Unseen Forces,,EX Ruby & Sapphire,ENGLISH,"Mon, 01 Aug 2005 00:00:00 GMT",245,7250.510000000002,29.593918367346948
391,Pop Series 2,,EX Ruby & Sapphire,ENGLISH,"Mon, 01 Aug 2005 00:00:00 GMT",18,202.64,11.257777777777777
340,Mirage Forest,,PCG,JAPANESE,"Sat, 30 Jul 2005 00:00:00 GMT",86,1033.7631666666666,12.020501937984495
335,Movie Commemoration VS Pack Aura's Lucario,Vs,PCG,JAPANESE,"Sat, 16 Jul 2005 00:00:00 GMT",20,238.21566666666666,11.910783333333333
336,Bulbasaur Quarter Deck,,PCG,JAPANESE,"Fri, 15 Jul 2005 00:00:00 GMT",15,137.26500000000001,9.151000000000002
337,Torchic Quarter Deck,,PCG,JAPANESE,"Fri, 15 Jul 2005 00:00:00 GMT",15,118.35333333333332,7.890222222222222
338,Side Deck,,PCG,JAPANESE,"Fri, 15 Jul 2005 00:00:00 GMT",12,95.49027777777776,7.957523148148147
339,Mirage's Mew Constructed Starter Deck,,PCG,JAPANESE,"Thu, 30 Jun 2005 00:00:00 GMT",16,86.70000000000002,5.418750000000001
65,Emerald,,EX Ruby & Sapphire,ENGLISH,"Sun, 01 May 2005 00:00:00 GMT",202,3896.9699999999975,19.291930693069293
341,"Golden Sky, Silvery Ocean",,PCG,JAPANESE,"Fri, 08 Apr 2005 00:00:00 GMT",106,1598.2050000000004,15.077405660377362
443,PokéPark Forest,,PCG,JAPANESE,"Fri, 18 Mar 2005 00:00:00 GMT",9,321.08000000000004,35.67555555555556
442,PokéPark Blue,,PCG,JAPANESE,"Fri, 18 Mar 2005 00:00:00 GMT",9,124.46,13.828888888888889
342,Feraligatr Constructed Starter Deck,,PCG,JAPANESE,"Sat, 05 Mar 2005 00:00:00 GMT",16,47.37333333333333,2.960833333333333
343,Meganium Constructed Starter Deck,,PCG,JAPANESE,"Sat, 05 Mar 2005 00:00:00 GMT",16,152.37833333333333,9.523645833333333
344,Typhlosion Constructed Starter Deck,,PCG,JAPANESE,"Sat, 05 Mar 2005 00:00:00 GMT",16,912.6566666666666,57.041041666666665
66,Deoxys,,EX Ruby & Sapphire,ENGLISH,"Tue, 01 Feb 2005 00:00:00 GMT",203,5510.269999999999,27.14418719211822
350,Psychic Quick Construction Pack,,PCG,JAPANESE,"Sun, 16 Jan 2005 00:00:00 GMT",15,100.28,6.685333333333333
345,Lightning Quick Construction Pack,,PCG,JAPANESE,"Sun, 16 Jan 2005 00:00:00 GMT",15,59.21333333333334,3.9475555555555557
346,Grass Quick Construction Pack,,PCG,JAPANESE,"Sun, 16 Jan 2005 00:00:00 GMT",15,60.63749999999999,4.0424999999999995
347,Fire Quick Construction Pack,,PCG,JAPANESE,"Sun, 16 Jan 2005 00:00:00 GMT",15,62.723333333333336,4.181555555555556
348,Water Quick Construction Pack,,PCG,JAPANESE,"Sun, 16 Jan 2005 00:00:00 GMT",15,168.9325,11.262166666666667
349,Fighting Quick Construction Pack,,PCG,JAPANESE,"Sun, 16 Jan 2005 00:00:00 GMT",15,71.55,4.77
352,Rayquaza Half Deck,,PCG,JAPANESE,"Fri, 19 Nov 2004 00:00:00 GMT",19,250.11592592592592,13.163996101364523
351,Deoxys Half Deck,,PCG,JAPANESE,"Fri, 19 Nov 2004 00:00:00 GMT",19,122.564,6.450736842105263
414,Black Deck Kit,,PCG,JAPANESE,"Fri, 15 Oct 2004 00:00:00 GMT",20,137.95749999999998,6.897874999999999
107,Team Rocket Returns,,EX Ruby & Sapphire,ENGLISH,"Fri, 01 Oct 2004 00:00:00 GMT",205,11380.359999999995,55.51395121951217
75,Fire Red Leaf Green,,EX Ruby & Sapphire,ENGLISH,"Wed, 01 Sep 2004 00:00:00 GMT",219,4673.590000000004,21.340593607305955
390,Pop Series 1,,EX Ruby & Sapphire,ENGLISH,"Wed, 01 Sep 2004 00:00:00 GMT",19,184.65000000000003,9.71842105263158
356,Movie Commemoration VS Pack: Sky-Splitting Deoxys,Vs,PCG,JAPANESE,"Sat, 17 Jul 2004 00:00:00 GMT",19,193.45416666666665,10.181798245614035
358,Deoxys Starter Deck,,PCG,JAPANESE,"Thu, 01 Jul 2004 00:00:00 GMT",15,132.145,8.809666666666667
359,Clash of the Blue Sky,,PCG,JAPANESE,"Thu, 01 Jul 2004 00:00:00 GMT",82,3992.9759999999987,48.694829268292665
357,Rayquaza Starter Deck,,PCG,JAPANESE,"Thu, 01 Jul 2004 00:00:00 GMT",15,65.22375,4.348249999999999
81,Hidden Legends,,EX Ruby & Sapphire,ENGLISH,"Tue, 01 Jun 2004 00:00:00 GMT",194,2092.13,10.78417525773196
360,Flight of Legends,,PCG,JAPANESE,"Fri, 09 Apr 2004 00:00:00 GMT",82,832.6196666666671,10.153898373983745
363,Venusaur Starter Deck,,PCG,JAPANESE,"Fri, 19 Mar 2004 00:00:00 GMT",32,326.88750000000005,10.215234375000001
362,Charizard Starter Deck,,PCG,JAPANESE,"Fri, 19 Mar 2004 00:00:00 GMT",32,141.18428571428572,4.412008928571429
361,Blastoise Starter Deck,,PCG,JAPANESE,"Fri, 19 Mar 2004 00:00:00 GMT",32,148.4283333333333,4.638385416666666
106,Team Magma vs Team Aqua,,EX Ruby & Sapphire,ENGLISH,"Mon, 01 Mar 2004 00:00:00 GMT",185,2722.4999999999977,14.716216216216203
364,PCG-P Promos,,PCG,JAPANESE,"Sun, 01 Feb 2004 00:00:00 GMT",154,6168.234619047614,40.05347155225723
367,Undone Seal,,ADV,JAPANESE,"Fri, 16 Jan 2004 00:00:00 GMT",83,628.0318452380953,7.566648737808378
368,Magma vs Aqua: Two Ambitions,,ADV,JAPANESE,"Fri, 24 Oct 2003 00:00:00 GMT",80,513.3666666666667,6.417083333333333
519,Nintendo Black Star Promo,,EX Ruby & Sapphire,ENGLISH,"Wed, 01 Oct 2003 00:00:00 GMT",40,5096.530000000001,127.41325000000002
102,Sandstorm,,EX Ruby & Sapphire,ENGLISH,"Thu, 18 Sep 2003 00:00:00 GMT",193,1955.4799999999998,10.1320207253886
67,Dragon,,EX Ruby & Sapphire,ENGLISH,"Thu, 18 Sep 2003 00:00:00 GMT",188,2916.8200000000015,15.515000000000008
101,Ruby and Sapphire,,EX Ruby & Sapphire,ENGLISH,"Tue, 01 Jul 2003 00:00:00 GMT",210,1540.52,7.335809523809524
369,Rulers of the Heavens,,ADV,JAPANESE,"Wed, 25 Jun 2003 00:00:00 GMT",54,357.67861111111114,6.623677983539095
104,Skyridge,,e-Card,ENGLISH,"Mon, 12 May 2003 00:00:00 GMT",332,24138.02000000003,72.70487951807237
370,Miracle of the Desert,,ADV,JAPANESE,"Fri, 18 Apr 2003 00:00:00 GMT",53,314.4566666666667,5.933144654088051
371,ADV Expansion Pack,,ADV,JAPANESE,"Fri, 31 Jan 2003 00:00:00 GMT",55,316.9688333333334,5.763069696969699
68,Aquapolis,,e-Card,ENGLISH,"Wed, 15 Jan 2003 00:00:00 GMT",337,12273.349999999986,36.41943620178037
403,ADV-P Promos,,ADV,JAPANESE,"Wed, 01 Jan 2003 00:00:00 GMT",63,1158.5781250000007,18.39012896825398
439,PLAY Promos,,ADV,JAPANESE,"Wed, 01 Jan 2003 00:00:00 GMT",32,15836.96786111111,494.9052456597222
372,Mysterious Mountains,,e-Card,JAPANESE,"Fri, 04 Oct 2002 00:00:00 GMT",91,5566.231249999994,61.16737637362631
74,Expedition,,e-Card,ENGLISH,"Sun, 15 Sep 2002 00:00:00 GMT",330,11006.209999999995,33.352151515151505
373,Split Earth,,e-Card,JAPANESE,"Fri, 23 Aug 2002 00:00:00 GMT",91,3150.386388888889,34.61963064713065
374,Wind from the Sea,,e-Card,JAPANESE,"Fri, 24 May 2002 00:00:00 GMT",90,11061.904333333332,122.91004814814814
86,Legendary Collection,,Legendary Collection,ENGLISH,"Fri, 24 May 2002 00:00:00 GMT",220,12867.489999999978,58.48859090909081
375,The Town on No Map,,e-Card,JAPANESE,"Fri, 08 Mar 2002 00:00:00 GMT",92,1540.5349999999999,16.74494565217391
89,Neo Destiny,,Neo,ENGLISH,"Thu, 28 Feb 2002 00:00:00 GMT",113,4071.9317849234094,36.03479455684433
90,Neo Destiny 1st Edition,,Neo,ENGLISH,"Wed, 27 Feb 2002 00:00:00 GMT",113,8538.426666666666,75.56129793510324
434,McDonald's Pokémon-e Minimum Pack,,e-Card,JAPANESE,"Sat, 26 Jan 2002 00:00:00 GMT",24,650.77,27.115416666666665
461,T Promos,,e-Card,JAPANESE,"Tue, 01 Jan 2002 00:00:00 GMT",24,1152.8635000000002,48.03597916666667
376,Base Expansion Pack,,e-Card,JAPANESE,"Sat, 01 Dec 2001 00:00:00 GMT",128,2038.7616666666675,15.92782552083334
441,Pokémon Web,,Web & VS,JAPANESE,"Sat, 20 Oct 2001 00:00:00 GMT",48,3074.553571428571,64.0531994047619
95,Neo Revelation,,Neo,ENGLISH,"Fri, 21 Sep 2001 00:00:00 GMT",66,1819.496806827432,27.568133436779274
96,Neo Revelation 1st Edition,,Neo,ENGLISH,"Thu, 20 Sep 2001 00:00:00 GMT",66,3851.4300000000007,58.35500000000001
430,J Promos,,e-Card,JAPANESE,"Wed, 01 Aug 2001 00:00:00 GMT",2,29.700000000000003,14.850000000000001
290,Southern Islands,,Neo,ENGLISH,"Tue, 31 Jul 2001 00:00:00 GMT",18,605.0000000000001,33.611111111111114
440,Pokémon VS,,Web & VS,JAPANESE,"Thu, 19 Jul 2001 00:00:00 GMT",151,3334.849198412697,22.08509402922316
437,P Promos,,e-Card,JAPANESE,"Sun, 01 Jul 2001 00:00:00 GMT",47,4632.211249999999,98.55768617021275
91,Neo Discovery,,Neo,ENGLISH,"Sat, 02 Jun 2001 00:00:00 GMT",75,861.8071252821253,11.490761670428338
92,Neo Discovery 1st Edition,,Neo,ENGLISH,"Fri, 01 Jun 2001 00:00:00 GMT",75,2527.7599999999998,33.703466666666664
377,"Darkness, and to Light...",,Neo,JAPANESE,"Fri, 20 Apr 2001 00:00:00 GMT",113,4488.963581349207,39.72534142786909
428,Intro Pack Neo (Chikorita),,Neo,JAPANESE,"Fri, 06 Apr 2001 00:00:00 GMT",30,247.11333333333337,8.237111111111112
429,Intro Pack Neo (Totodile),,Neo,JAPANESE,"Fri, 06 Apr 2001 00:00:00 GMT",30,396.4466666666667,13.21488888888889
93,Neo Genesis,,Neo,ENGLISH,"Sat, 16 Dec 2000 00:00:00 GMT",111,975.1063212481962,8.784741632866632
94,Neo Genesis 1st Edition,,Neo,ENGLISH,"Fri, 15 Dec 2000 00:00:00 GMT",111,2527.87,22.773603603603604
378,Awakening Legends,,Neo,JAPANESE,"Thu, 23 Nov 2000 00:00:00 GMT",57,1689.1991669441672,29.635073104283634
76,Gym Challenge,,Gym,ENGLISH,"Mon, 16 Oct 2000 00:00:00 GMT",132,1583.709087553716,11.997796117831182
77,Gym Challenge 1st Edition,,Gym,ENGLISH,"Sun, 15 Oct 2000 00:00:00 GMT",132,3632.3000000000015,27.517424242424255
78,Gym Heroes,,Gym,ENGLISH,"Mon, 14 Aug 2000 00:00:00 GMT",132,1080.1692746004,8.183100565154547
79,Gym Heroes 1st Edition,,Gym,ENGLISH,"Sun, 13 Aug 2000 00:00:00 GMT",132,2220.119999999999,16.819090909090903
379,Crossing the Ruins...,,Neo,JAPANESE,"Fri, 07 Jul 2000 00:00:00 GMT",56,506.244326923077,9.040077266483518
69,Team Rocket,,Base,ENGLISH,"Mon, 24 Apr 2000 00:00:00 GMT",83,904.294483218039,10.895114255639024
70,Team Rocket 1st Edition,,Base,ENGLISH,"Sun, 23 Apr 2000 00:00:00 GMT",83,1860.4899999999993,22.41554216867469
73,Base Set 2,,Base,ENGLISH,"Thu, 24 Feb 2000 00:00:00 GMT",130,1030.2799999999997,7.925230769230767
380,"Gold, Silver, to a New World...",,Neo,JAPANESE,"Fri, 04 Feb 2000 00:00:00 GMT",96,553.0964186507936,5.761421027612433
71,Fossil,,Base,ENGLISH,"Sun, 10 Oct 1999 00:00:00 GMT",62,448.3392238721051,7.2312778043887915
72,Fossil 1st Edition,,Base,ENGLISH,"Sat, 09 Oct 1999 00:00:00 GMT",62,1656.319999999999,26.714838709677405
426,Intro Pack (Bulbasaur),,Original,JAPANESE,"Fri, 30 Jul 1999 00:00:00 GMT",41,345.8066666666667,8.43430894308943
427,Intro Pack (Squirtle),,Original,JAPANESE,"Fri, 30 Jul 1999 00:00:00 GMT",41,492.8617916666667,12.02101930894309
452,Southern Islands Japanese,,Original,JAPANESE,"Sat, 17 Jul 1999 00:00:00 GMT",18,312.105,17.339166666666667
110,WOTC Promo,,Base,ENGLISH,"Thu, 01 Jul 1999 00:00:00 GMT",64,3278.2199999999993,51.22218749999999
381,Challenge from the Darkness,,Original,JAPANESE,"Fri, 25 Jun 1999 00:00:00 GMT",98,954.2579809884563,9.737326336616901
83,Jungle,,Base,ENGLISH,"Wed, 16 Jun 1999 00:00:00 GMT",64,434.8453438170295,6.794458497141086
84,Jungle 1st Edition,,Base,ENGLISH,"Tue, 15 Jun 1999 00:00:00 GMT",64,1671.3999999999996,26.115624999999994
497,Yamabuki City Gym Sabrina,,Original,JAPANESE,"Fri, 26 Feb 1999 00:00:00 GMT",25,161.24739102564106,6.449895641025643
27,Base Set Unlimited,,Base,ENGLISH,"Tue, 12 Jan 1999 00:00:00 GMT",101,1346.52,13.331881188118812
29,Base Set Shadowless,,Base,ENGLISH,"Mon, 11 Jan 1999 00:00:00 GMT",102,4441.9400000000005,43.548431372549025
28,Base Set 1st Edition,,Base,ENGLISH,"Sun, 10 Jan 1999 00:00:00 GMT",103,16356.968385918983,158.80551830989305
480,Vending Machine (Series 3),,Original,JAPANESE,"Tue, 24 Nov 1998 00:00:00 GMT",51,922.7548373015875,18.093232103952698
382,Leaders' Stadium,,Original,JAPANESE,"Sat, 24 Oct 1998 00:00:00 GMT",96,762.8152150072151,7.945991822991824
498,Kuchiba City Gym Lt. Surge,,Original,JAPANESE,"Sat, 25 Jul 1998 00:00:00 GMT",23,133.88923437950936,5.821271059978668
499,Tamamushi City Gym Erika,,Original,JAPANESE,"Sat, 25 Jul 1998 00:00:00 GMT",28,254.39576708754208,9.08556311026936
479,Vending Machine (Series 2),,Original,JAPANESE,"Wed, 17 Jun 1998 00:00:00 GMT",36,405.27375992063503,11.257604442239861
501,Hanada City Gym Misty,,Original,JAPANESE,"Sun, 26 Apr 1998 00:00:00 GMT",22,125.42183910533912,5.700992686606323
500,Nivi City Gym Brock,,Original,JAPANESE,"Sun, 26 Apr 1998 00:00:00 GMT",25,94.19492964905464,3.767797185962186
478,Vending Machine (Series 1),,Original,JAPANESE,"Mon, 23 Mar 1998 00:00:00 GMT",35,446.88249206349195,12.768071201814056
383,Rocket Gang,,Original,JAPANESE,"Fri, 21 Nov 1997 00:00:00 GMT",65,445.57886265771276,6.855059425503273
384,Mystery of the Fossils,,Original,JAPANESE,"Sat, 21 Jun 1997 00:00:00 GMT",48,295.1196111111111,6.148325231481482
385,Pokémon Jungle,,Original,JAPANESE,"Wed, 05 Mar 1997 00:00:00 GMT",48,299.5664916703667,6.240968576465973
386,Expansion Pack,,Original,JAPANESE,"Sun, 20 Oct 1996 00:00:00 GMT",102,831.6429520065122,8.153362274573649
470,Unnumbered Promos,,Original,JAPANESE,"Tue, 01 Oct 1996 00:00:00 GMT",6,571.6364285714285,95.27273809523808
